flyasgermanwings,bc384491-4cf7-4185-be07-9bdb5a8310d4
dongpirate,da3563ca-ee2c-4464-8156-75eb94c20542
corgslie,f37f1199-1bbb-4a05-b3f9-41299276e380
mr_lovalova,6b8a9d26-0a22-4ff4-8e13-2eccfc3fdcd3
old_man_edgar,cf961b42-72ab-47e9-8099-e451267040ac
myfile449,be841fe5-62e9-4e8d-be26-a55aaf53b947
gen_friedeggs,09008d6e-d95e-4b04-8e8f-4f8c0e091aa1
virx,5803e98e-6767-4890-bf6f-026ef736d4cc
artemislorax,2fdcd406-0484-42d5-a213-6fca8a54eabc
snailslushie,82896606-6bf0-4a18-aad8-316b2e8a160d
stank_finatra,12198508-ff19-433a-9f26-b84898a3308f
raven1000333,6b0fceee-e78d-47ce-8243-6adf0dc432a9
theshinysnivy,b7586b61-fc16-4e15-86f1-f1871001f9df
mrdangernoodle,b4293ffc-71bc-46c6-b235-9beef3d4f0c8
ibehunting,d82251a7-52ec-478a-926e-95687a256f61
mhd28,34b9beb2-b458-4b9e-a26b-db88b5337a72
awesomesonic10,e8e6a7d9-1246-46b9-ab5f-aeb13ca70929
space_barista,c22d5600-35b9-4f23-ae38-4b3d1bb28f32
1nfinit3vort3xz,b794b853-a305-44bc-a14e-c2ad3af956a8
jack10487,13b4bfb2-b4ff-4f4a-a226-af1082739507
arose88,fa8488f2-6ce2-4f24-b8fe-3900a56edbc9
supercrew632,b58b367f-fc7b-4901-a1cf-47cd01324f55
tyberious55,1682bbac-ff92-4132-871f-810b3b2e453d
illuminachoes,f1ff12d7-b1de-4d67-843b-65b57cd953dc
whitenationalism,9cd900fc-3f84-4ad5-a01d-ce7e88618a38
milkmilkman,151b7a55-6e5c-4ac9-8bc5-6a37fea5cb77
thecyberderp,fbe33628-efc8-448c-9f13-8ef0960fb13d
xxashi,9f81366c-c49b-4002-a149-315b1b3fed91
siroma1,4de30041-d724-49c7-ba05-cf39455bbee0
lordofalltech,b3bf1b27-3149-4930-9edf-12d9c8bfe4e7
applebob8,ef1dcc7d-9e5b-451a-b6f5-92185ea16b83
sister08,3623ba96-76ac-4d58-a59a-868e3708aad4
skinnyminny321,073c4531-8d97-4e6d-9d24-5767c2d0a487
saugae,7f72c08e-fbd4-496e-95b7-7704820d1e4d
ashleyofbits,22c140ed-73e1-43fa-b151-a100faa57748
droopyballz,1f89bafd-65b3-4858-bd68-69597435ec48
denipoot,5e1a9041-03d1-4543-80f5-6b0eca8a09f1
bobabobo,c8e0b84d-e493-4047-bf8f-7b516fb8a373
colinawesome11,be084c7c-8e62-4b25-8665-0cc4dc8b6d6f
titanium_kevlar,4b7da274-0f60-4069-9309-e0fd0d759e9c
draculashot,0e778f1f-23a6-4182-b10b-dcd7c8676995
meg_nma_,dadbb151-48a5-4314-acd6-ff62822acb26
plebbrawler,4e3cde9b-e030-4026-b7d8-a307adf9b342
residentweevil1,f641c73c-8b58-4d53-a759-47aa7f122eeb
aloha_gaming,35b871c0-060a-4f59-99b5-e360ca035f0f
groeuf,394a2121-4c76-4492-b036-6c1a30b29922
orangetomato,09c8645d-091f-43ef-80a8-e58de3e6ba47
darth_sol,54722cbe-d808-446d-8aa4-7b0c35ec921d
coxblocks,282dc30c-7bd6-46a8-a0a5-d5adba4c520f
donhuell,6bc9d63a-db5d-4fad-8b28-3b6fc447beeb
huixch,2e043f0d-6af2-4eee-8b61-e9fd71c2256a
rxsemxry,2f9cd7ad-14a5-41e2-a637-85d013fc6239
yzoes,9f716682-43dc-44f1-ace1-b025d61cb5b8
mrdee23,25d8d17e-5353-453f-8c9f-fb396cbec21f
maxmalefic,388aa185-e334-49c5-acae-db01629e657a
y_u_d,33edf9e1-843e-4bb4-9690-7683bb6ca106
neue_,0709ee07-4ff7-4810-b712-78e44f711451
ambrocio25,a9cac2f6-6589-4c5f-8c66-aca8361b13cf
dustinthewind0,1778abb2-31bb-4b4d-bf3d-b2cc7efabb0e
kpsiscool,1cdd83ce-6c23-49ed-8c9f-a6bd2d08435d
memyselfandphi,9f72264a-a066-41b3-85b6-1c973b2c7c30
cmdr_riker,bf0f8743-8614-4ce1-a544-d994c4ae0217
washingupliq,1d5b849e-3f12-403d-89fe-1cd95688c7cd
dilarick,4bfffad5-71a9-49a4-804a-4f5efeb49b86
ravenkrush,0a5e9968-2e98-401f-9012-afa449e9b096
jorindeke,01217c31-b51c-48f7-9b79-e524157f3ae5
quetzalkay,a2d2f79d-cf63-483e-b297-b626043445b4
kchem,86565b59-4bce-4f69-af09-3c311a8fbece
ocean_sheep,f2f66195-04bd-408c-a40f-050c278b038d
snowytaco,324bcf05-5e2b-40a3-95d3-198a16f22bbe
giflor,f9421e9f-85c7-4dae-aec8-0a5285a64792
pancakelover80,770108b9-7de0-472a-b8da-3fbfb0efc6e7
giant_rat_king,3c5cfb99-35e9-44da-aae4-c4c52a28e454
tekcno,7ccb097b-b2f7-4ac4-9e44-14f6aa7c1cd8
ilovekrispykreme,cf47b352-f072-4e58-a791-b4c069031700
salvitoresinbad,bea3062e-e44b-4cd3-8348-79cccc755965
belatrixz,de5de49e-4f94-4355-8671-92d0224c1327
kingwisely,befb00d9-c4ee-4f62-a01e-0c806b6c8d4d
scrappycoco2016,f39850ce-2e72-4626-8134-c02ea7b89201
the_limester,e403e549-91cf-4269-ac3a-c9f18362d43f
_insanefox4800_,62af0c2f-31b8-45bf-98ac-8f43e6d6a235
12tt20,7fef9196-36dd-4e23-a530-106a0c4f20e7
kkuhn,4fbe969c-43a5-45e5-bc3e-dfcce539cd11
coragamy2,b27c428b-c5c0-4a2f-b37f-6730c4383f2a
the_hemperor,7d5f1628-85dd-432e-9bde-a23fd86e2bc1
mikeyfee,89bb941c-f1d7-4a8d-8a37-28f7d9af674c
thepolykid,0604048b-5e7e-490c-ac04-c4af91a1040e
purplerainbow4u,995aed18-17b4-4d52-bd4b-b271570ea963
ghostrider4117,a0f410fe-3c80-423a-9f8e-92f3bba194d5
ii_lion,0d37d965-2754-44c3-8b5f-4bdfcd1900b4
xavi_babi,608d8ea3-a68c-4ee1-99ba-fe2f1ac93ca2
flare152,6350947e-aa11-4e8b-acb6-ccf3d5faf633
dilldurns,8fd9a1e0-b84e-498a-9a68-42f0d952ec2d
krissiboy19,0dc540dd-7b34-4200-a1b3-81116826fbf8
humbor,095888d7-603d-4e38-84c3-c11b0e750cd1
bigyeeter420,0b468cf1-083a-4f12-be51-48e96c842c08
deadlydude100,416512da-d4fc-4667-810d-ef487de0ff67
mankler1,f851911a-b827-4f9c-88fe-90e20731cb59
epic_kellbo,7ac2faac-d6b9-462f-b441-4442b32b7827
insanehatt3r,0ddda7b1-109c-4371-8cef-d84177a2d94f
kiiwiqloss,b915b143-1123-4711-8315-ba3287c787a8
thetrunobody,b8ce838d-60d9-4bf8-8a3b-9b7f2e091640
kmarinsh,b0394f36-a81f-414a-bc1a-175cc409b3c2
meepabot,c5440b00-4a73-4542-ab60-fcd651af1bd7
dezmin187,5b02e32f-d724-436a-ab91-3815e6aa99f1
ariii,02e115e0-01d4-48ea-b833-ac2ef2a9d012
logantomas,c16c9bb3-e233-4829-80b2-0bc69b3e432d
gman1302,2d9e7acd-d85c-489a-b7ef-094d18201b97
capndark,4473103a-d453-40f0-b1e9-05bb02e265c7
beedy,f43f094a-9ab6-4a79-8751-fb1cf560aeca
trentnorman22,b954c92c-7805-467e-8475-f898d094680d
vasquez1999,a886fb4f-8d27-4a0c-a999-e8067028e833
butsaggingtonjr,f3231aae-3fd7-4fb6-9f35-feb393c77de7
senormoose,27fa74d7-0bde-4145-91e6-46c3cd554dff
copingopossum61,8768ca38-d8d0-4fa0-8e79-7df72cc0adfa
max_par,9982f413-276e-4a02-9a6e-c12fdcc0aa50
tunnelrat2000,98442b49-1cf9-45c6-8099-0c049836162e
boopthebutton,68c48c07-8a10-45c8-b7b3-a9ad0f4bc0d2
ironmxn,f7394a84-00b2-44b4-a247-b164e28186c2
luciferfaery,57f23077-1235-4c41-b564-afcb194626ef
iborderjump,75b00110-6e3a-42f2-9b76-07da57010594
akihiko_,ab628fc0-0620-4dff-8f66-8d630d0c8313
skiprope,fcefcc0e-3b73-40a1-a2a6-b9890b369371
steveprefontaine,3ec9994c-72c3-4df3-96d2-9feb199af7bc
arisampizi,9128e356-37fc-4ca1-9675-5fb7fbcdd821
samuraijack420,4b687bd2-1ff3-4b69-bbe7-d5e078d97db3
jactif93,3a72e384-f4db-45b9-9858-272ca7841676
hubb2003,7965de92-a82d-4043-a81e-367b94444391
xx_mr_cookie_xx,a2115477-8cad-45a6-b9f9-ea293eca6ebc
cometguy2286,2859698e-e502-4ce5-acd5-1bc1b9ea8e54
glooboi,e087fcf6-d40d-45c5-9a3e-e35a076dc0c7
pandamonium5,c65dbcdd-6e18-4a52-87c1-e47ce6b6ce4f
sodiumbisulfite,1836b354-0e4b-48b8-8abb-4328232f8ebe
darkmuse42,a5970c63-be81-4a07-9469-cdd45467315b
pablothe6th,bce6747e-744b-4789-b4fb-1177bd5a5fb6
king_firebolt,36ce56d4-082e-4bb9-b0d6-0911e11f97ba
hotcold,37ec2bef-e387-4475-8195-cc5a3cc41035
wheeler_jr,b0fc94d5-28d9-427d-932b-709b5e36da9a
mckennaers,7b6e2c84-f57e-455a-8135-79e4f0d59968
jamespi,99e3af69-ee60-42c8-949a-7596a8110da4
sir_awesomebacon,7b5ba258-f1d9-4357-824c-4b77f0137c4b
_tater,377e0ed3-51aa-4031-ab58-7f2761eec8ab
hubb2008,ca0781ab-0a95-4cb4-b0cf-dcbf53917abf
hubb2006,1c9bc917-eb2a-48c9-a710-ec42cf74e5f4
thegoldenscrub,eeeb23ba-424e-4350-9a3f-91f95420109c
deadfaerytale_,af383657-a526-472c-a4cc-7bd05fd6ed29
buderchampion,09008d6e-d95e-4b04-8e8f-4f8c0e091aa1
tsd_blockhead,324dd1a5-116e-4f5e-894d-b4c2abb10b84
otscookis,bb31389d-7147-4eb7-b9b6-cbbe0125dcc7
attackpuppies,747e402a-ec33-4fc8-bd24-4fb5e6ed03f3
heyitzsynergy,fa4dd747-29e9-4f8a-bbf7-2a486b018244
spartaan,fdfc8737-3359-4449-ba0f-1ae6b936ba73
texankaiser,9cda0778-69a4-4429-9e26-b0c35eca1973
helvidiusiv,03bf8808-b05b-4499-af34-8368685fd837
lizb3th,adf3954d-3cfc-405d-b0b9-d6bdbb5295be
jackster600,494e7d45-6dc8-4bb1-9865-7ffe98f74568
kennyman23,fbd772f7-f308-42b6-ab5a-d363d87f7cf3
yipyorp,b67e4ba4-8a77-449f-8d33-11f6451cccff
rascojoe,d94e5815-2a95-4f88-ab5d-00bd443a3a80
princesssscope,07018cca-8790-4e5d-971b-cf728d5a0213
grezgov,b1051b07-cb8b-4a0f-b1cc-0e9d31a4b590
yaomatt,0b468cf1-083a-4f12-be51-48e96c842c08
badatpuzzles,dd5508df-1ade-4b74-a475-fed16c7d0019
ddog856,440e1e63-aa33-4334-8571-5f7acda1f982
tiboteebs,87087e66-a87f-459e-bc07-9ec62c5e0e62
bhris_topher,1b840157-033b-42f3-ae4c-78e13e86113d
hacker46810,92a54c0f-6163-4a47-8931-307ec20de52c
aguywhoisbored,f17aeb5a-0201-4d72-af30-50fe0f6587aa
the_pacifist,b158ff8b-f038-4a12-9f80-e441304ba0e1
deking1234,889d71e8-496f-4cc7-a71c-b9988d44f292
dch314,64d65b3a-5ea5-4c3c-9e89-138bfa092f45
aestoru,a7c19257-d37b-4df0-9f97-c289ed20c78e
awesomepb,8ebac62e-93c6-438c-8349-418c593cf742
chadthewarrior,be14bccc-3b5d-41fb-a3ce-a4367aa89d01
guaco_zk,66445470-fe56-434e-a326-dc869d30de04
joepato,a7aec468-0040-4bcd-8554-3dfda05b02cc
cloverpaste,a2b71378-b65e-4b32-9305-fe5e942b9e1d
downsurge,0ede826d-31e8-453e-92a4-19f0340caa42
monkchest,0f059aa1-6c7c-44f1-ab27-89c5cd33486a
jpebv_,22458779-f0fc-4849-8580-584e8a8e0021
jimbojammey2000,32f969b5-75d7-4972-ba38-1446d7170e7c
bobthefrog10,4e96f6f6-b91d-4462-bbd0-353e727afaea
cyraxian,629de8d1-a481-4a9e-bbfa-db6cafe9a751
shazly,5bcc7a63-2bd1-4016-9b8c-4e7c688e85cd
chickenplug,a1567d50-8c57-4274-8d5e-d65d8c5384ab
cobe,539705d4-71d4-4b55-9973-6be2b90ef937
mussie,4f9d2a01-9733-4387-a694-c37678321557
seanyboy12,cd1485cd-2296-4216-865b-4b74f0c19f6b
alex5gam3r,baf1e946-8ada-4480-bff7-78bb6d88b0ea
ficus_,eea88d0d-fb64-4ef5-bad3-ddbae551b23b
gayscalerainbow,19d722be-a42c-4504-8704-8324abd5a083
grizzlygamer78,37594b6f-08d7-4f01-adc7-13d96d754819
firetalon348,e5b63690-780e-4260-89ca-4f59f556cb96
aspinpuppy,853eaf12-bbf4-4b8f-9c90-be86ac9c5936
chelletcheese,0440fdac-f690-4d58-8267-975a88e71cb8
magnificentmadi,182410bd-9b8a-4a18-81fa-6205bab1f997
shadegames,6e9ba8f6-9ce4-401f-9e11-6b4987d4921c
jcnchargerfan8,01a61bea-7a7e-4b0b-90e5-8bf3b0f4a642
lumalina,22c9f2ad-5306-468c-ae55-b596f9505a4f
jammedgolf486,1d7771c7-5560-4758-b9f9-f963f94bb93f
pdt_tap_15,cdc872e1-7407-4faa-8e6a-72bfc823a465
samhastoast,3dc6ab23-1b88-45c2-ac12-db1945d725a2
mickle_tf2,409694ef-c90d-4403-9c23-2bf2321d6b34
relishedgolem,740d8b18-1599-4e02-af6c-d48f41185223
flamingprincess1,637308a4-0b2a-4553-84c0-ed94279218d4
imkyle4815,41f69b53-03d0-4cea-8a5e-e633e8fa08cc
superbuilder2552,131273be-f4b1-4896-be86-388d8b7e416c
timmygg,023f82ca-89da-42fe-848c-d0df4a0b2997
magic_smoke,3594261b-a8b7-4f35-81c0-fef20d2221a7
spatialize,7bb74196-2e74-4882-94aa-9aefa2e33d13
davidlovesrem,23d7b7c2-c9d0-4859-a9c0-675e69673855
saltedcards,5b1f746a-73d5-42be-8b93-03c8056dd315
mrswalkingdead,443b1f5c-3aca-43e9-b0e7-c47856596a88
mastnodjete,c7e5d705-08e9-414b-9ba1-f3e30ac2686d
daughter_of_chum,676c00e1-6681-48bb-a952-4b044fdb93aa
haleybabieee,ee6f10ed-6c4e-42c6-8f23-2c96cacabd07
danny_glands,e82c9024-6b0e-46bf-8bf9-d7a543a6eb20
anchor21,5c186dcd-4d13-4a73-948b-3310811f6011
mrhufflepuff,20787be0-fb34-4b4e-ae91-00d5d7282893
retribot,f2e9baf3-1014-499e-bb43-7ab38d2c63d7
molly_pop_,0fa1d315-d78b-4576-a042-ca1f380d5f55
drew410,80123415-e9d7-48c7-a248-621a6b7cfbec
epicnezz135,daaff2fb-2cef-4a9f-b0c9-4a5c36b5c8b7
samoa_cookies33,b13785ce-2e5c-479d-9ea9-852922e95404
smparkin,b8b8c161-32c6-4d2f-8853-2557c31eb8fb
racer,be7f9652-79db-4bd5-a922-13cf58df39cc
maodiver,9181e14f-af7d-4042-abcf-f04ddde666b1
coolbeans404,11e3d030-43ea-49f3-9630-f0e133e7d8b2
freefall627,217cf4d0-7c54-4e92-ad74-aa528721b82e
mutantnuggets78,8f518b74-9990-45b3-825c-f5f60902066c
bentmiester,f3a784cd-17ac-41df-ad95-0aa27ce11293
combatwombat111,67907b4a-5a6f-42bd-b3ba-17a92fad009a
mango_whiteclaw,c0c27055-259a-40ee-a110-cda15b3d3901
piportal,fdfab690-13b2-4e8a-9bf7-c95ec1c4c5e7
mattc4,c878a6af-e2d0-4c5e-8a67-8bb910c7c75e
evilzach10,5048f263-d267-48b4-acc5-b0d0aae662f9
jethrohotep,c584a2a0-3428-4ec6-8e7e-a3cb0ef10e14
spellskunk,3737c187-63b1-43ee-8fec-b09cc7b1f117
c1jb,415962d6-b288-4116-a39e-fd367ac027a9
izzei,fac8202d-2a83-4758-b1a4-79ca06e44364
mivenhiven,6ef0c603-726c-4b82-8160-c218f44ae3ef
j_eps,5f38bea7-e51f-49d1-b957-134c7d98cd45
narwh4lz,4707e923-f214-451a-b2ad-992024d686cc
minimufffin,d7cac06d-38aa-4c4b-bfda-24d4035b2e95
dishpanda,d2529376-54da-4bd8-8677-d65cd6d9f98e
ohtwofive,d7e20e29-1a3f-44bd-8e47-91888e4174a9
phantomcrusher27,ce4f758e-3617-4668-bcc7-22011ffcd4ea
beat_tech,1632bba6-9fe6-4d3d-a841-fa1c5b2f6b08
uash,9fee9d83-9a77-4d36-8b2e-400d0785b1c9
carcar99,58dc12ec-81a8-4663-b089-bca2e505e63d
trader_jack510,8a02249d-5678-450f-bc32-7e80b6ad0ad4
xldestructorlx,7ed3fb72-d1cb-4f50-a0d5-e83b377242b7
arcticlemons,13ea7b64-600f-4948-b87a-c38c94b82d29
dully_,404ebaba-e642-49d0-b198-270aa806527a
gayblackboy,7e1315d4-96bb-43f7-9afa-751c372ffc56
godmontin,b8854299-f8ba-41cb-ae90-7aff9edb555b
jonnied,026475f6-7bd5-4965-b88a-5f996eac1b04
nicholas026,51a3c056-f522-4f4a-8f7c-95a9b3b05fe7
iam_deltalegend,736047ac-366e-46d8-89ef-b323f5bff704
lanhtravis123,6ecbf9df-5c8d-4ce9-bafc-66d44be51da9
lacroixgod69,bca19095-92a3-4753-bc6e-4e7d214192f0
lightedd,79e6a270-c3a8-4be5-9cbb-6e2b96405b8a
oyoii,880f179d-324a-4517-a602-fb4a153e32d2
kurthclan,fb174094-b607-46d9-8cbb-665e12db1018
420yeetyeet420,f5f8f1c8-9711-425d-b7c4-df9bded7129c
anteater_haze_og,3d77295d-44f8-4787-8dc2-c4693dea905d
kylester1999,712dce06-f19f-4001-a7ca-50d13f8a4cb3
romancemancer,1d85c6ad-36a6-4a0a-8c54-bf34b3b0099a
supreme_ana,5afed24e-d584-4d84-b662-c41061469fed
robust_taco,eb061e91-e1a2-478c-a99c-71363343a0d1
claeshapur,abf18705-776b-4be9-8231-bca7fc37dd26
comprehend,b6aa1f1f-8d21-4005-a0ba-824b1c796bff
mrnohaxjustmax,db0d9bc9-bc8a-48cf-bc25-9fd832662e7a
mixelpixel,76fad141-9d51-4688-9dc8-7005508cf46e
ninjustinja,342afde3-96ca-4c3f-93bc-58989d9b36c6
the_doublet,da99b82f-d7b3-4f2c-99d8-9539c0f28e25
trentai,81e88174-b004-40a1-8257-0d49e72292d6
jansmit680,1d191894-cded-43e4-ba75-6264086b0026
bballplayer1357,d597e166-49b7-4176-886d-de1ba6efd90d
kelea5005,4ff87a28-2a4d-43cf-a8d9-01afa75212f7
boogiebombkevin,d1a05769-306b-4133-ae97-3470c9888adb
carson_theshort,c634ea98-90e1-482d-94f2-8f9fbfd284f2
itshdsn,422e5cae-0fda-483b-a250-0f50c3c9da9e
dolantherhino,cd6a39e1-d8c2-4e3e-8bc3-25bd07d4c4fb
holliflower,00810f8c-1d60-499f-99f8-2a929be439e2
vacuumed_kane,4e73adc2-0d02-4f06-83d8-c09f818a12ee
distortedmatt,7b273ee2-ea83-4e5b-8d4b-4c5020818b4f
kingromulusiv,08996af0-504e-472d-beaf-12900f5d4f36
ancientkoala,dd864a99-647f-4bbe-a334-61102d81ab1c
ken_nerd,c739c654-5929-4cf5-9fd5-76af8222c810
stryker36088,95870431-45f0-46a3-ba23-81edf58c9123
jwcoffee,06814454-8409-44f3-972f-fc33af73aa17
thematster1,1b2aa52e-33eb-47fb-92aa-a9a9587370ec
mad61,4ab86578-5dfc-4583-bc8b-6cbe306bda19
timmytimtim123,beb51cdd-768a-42eb-bb98-ecde6c0f8cf5
toshe_gamer,009634d2-91b1-4923-b3b6-7b88816b6f9c
eunan2005,2e757b71-dc29-40e7-9db4-7977dbdd08e3
oh_two_five,d7e20e29-1a3f-44bd-8e47-91888e4174a9
d347hz,8b649e76-7077-45e7-9adc-9b67e9bd8757
slivkixd,43343918-c187-49e7-8848-bd34025e89d8
_xxxmlgminerxxx_,195f4966-2cd9-4dbc-aa4e-ed963d20f16d
zachsquared,dc21af9b-c935-4f9f-92cc-1d424b8439f7
taptackle51,6c06dca6-6bbd-483c-8bc3-4e21a0acfabf
stone_wall,4574de82-6e69-4e2d-bfae-8b9bac89e179
angelmango,ec0620a0-e02e-4ab0-9a24-5b40c847cdff
monkeyman386,b00573b9-376c-49ce-b11b-07562b7b4534
cryyyan,f1fe9cf3-b667-4968-9e46-39f65eaca1a7
hydethis,e0097d72-8ce9-4aeb-a125-2ce00f2c4dca
hyrulecastle,51e3541f-8bed-4cef-979e-6cd5ffced99a
hkrk,5097bb9d-bf71-4afe-9c38-8c802ae08872
cheynbug,7106fbb6-7244-4d2d-80f7-2b15a9dd948f
logurt836,cc77e7b0-5353-4f6d-91e7-2862a05b5d12
gabvy,0f43f115-dc44-4a38-aa29-eb961e3bc4c0
ea_games,611cde5c-5b69-4861-a546-90afb8b5f5d1
jua2000,95626de9-5628-4818-9740-804a378ae6ce
mcafee2020,5ab81cc0-743f-4499-9951-f4a7a11febfb
mooshimoshi,a37769ce-51aa-4499-9e13-092a4b0dfbbc
gummboots,7aea7cdf-1473-4da2-92de-3c51da10fded
mercifulpirate,3923cda6-c5aa-4413-8c4d-5cfa74ce3064
kblxrealm,841a849f-0de9-453d-8f6e-740721a29489
yinnabi17,7605b4e2-4929-4a9a-ba60-06a8009188f1
andrewkimme,e086b9bc-9822-48ed-a5da-f1bc188dedc2
ricasminecraft,5a745d4c-e097-426c-9905-22d38228e4f3
jenna_skye,b8c9ce25-4616-4aff-ac5c-febad1f1721f
llama_salty,ad78e4b2-b068-48ff-9f6b-a75f407e1c30
mysticalgirl44,5322b3de-81b2-4bfa-b7a9-3e2f5caacca9
budgiekraz,cb580f6a-bdd7-48fa-805a-311f60320c95
grehn,f1e805b8-a312-47ef-8149-44f8d3266a59
f3v3rz,e64183bf-388d-4647-aa10-2dc63a9da5a5
crustywatermln,c916bd40-3e35-4f52-9d0d-f701ff1bf64d
cyclingoctopus,334fb465-e26f-4934-b16b-7a5106a2d5a0
ana_tole,df63f1ad-9a14-4a03-aa21-2a253e0ea6ee
coolpizza12,52337079-4085-4e32-9c5a-73b50513e870
tigergirl2189,3690a00d-bda1-4c3e-9b2e-530a830aa941
thearchmajor,7f5274d0-e286-4420-b274-6f3b570151bd
paulbradyiv,d95af2d1-51f3-4122-81e6-e9bc0e703d5f
snaremiento,63146e50-8727-472e-b9d4-2eb1f283d075
thepurplebear,b34b71f0-ffd7-4503-b4d4-f2ce7b733689
ipwnyounoob,5a80ceb6-ae1d-4fb2-abfb-7b99ff4ec5c2
syni,8fee74eb-37a4-4cc9-8649-ce5b3fa404b7
tambysaur,8fe30ad5-9ca3-47a5-a914-e78b26099471
veridox,f19a4fd6-fdbd-4725-abd5-80126368d000
ovonpo,8add03f2-4080-460a-8451-28b394673313
anonymousdarkyt,6b3658e9-1ccd-44b0-bf81-6b76d5d310a4
superdupermike,f00aa7c1-cc14-4473-a2ef-e231ea742ef6
tjmack1,5ccab14b-7fcb-4298-9f41-17c1b849bc7d
rogueflutter,fbe46bc8-cf3d-437d-b7a3-21b9b9f4cdf7
guardian_inferno,02a8ba11-8011-45fa-9665-3c4f878b21e0
matharch,4411bdd5-e266-4ce8-a1a5-b219de696c32
patreker,98a59195-b53f-42f4-b22b-d1919e54201e
_kevin_23,0bf7e6cf-87d4-47df-a8a7-d95c9f43e61d
kingsnow,b1eb2afc-be2b-428d-88ee-182e0a61c8ce
pizooks,05340bef-d6a1-45f1-9e78-e1d6a01b2fd4
hydroponix,e02bdca8-0699-49fe-b582-6d528586592c
llamaka,58e017dd-a0cf-4a58-bd84-0e429cd62603
aholagaming,55f1344d-4ae4-4d28-bcf4-83efb3061c29
jdrd1,61568844-c654-4bb9-a084-9c582fc05e6b
hydroponix_17,79c39ebb-22c3-427e-b8f8-3f04b82c51c9
nocibur,2f9a0abe-d225-472d-8b81-1af49c74ad8e
tokenwaifu,a50d51e3-adec-49a7-ab45-407c736e6217
lylaq,d5be87de-204c-4000-9e7a-ab7edffa33f6
gandalf___,4d8df825-822b-4994-a153-248a9f8e91b9
rainlover26,4b15fa44-c30b-4253-9193-b0f6aeab9fcb
fatherplays,0de63af6-b94b-4dd5-ac6f-250724c4567a
heatwave18,b08a67c7-5fed-40d0-b348-4120fab9adf4
chrisrxf,f832d83d-fe4f-4ead-b36d-f495b757d51f
iamwonderingwade,78920bf8-3360-4b01-8181-5f5faf0799fc
megan_hulsy,dc8df18e-71e5-4119-89e1-47c75ba9d666
polythagod,0604048b-5e7e-490c-ac04-c4af91a1040e
redman232323,9ff43c8f-ecbb-4ea4-aff4-dd1722b55dee
mrxkraft,bcac85e5-43a0-448e-8e1a-b17ec906eecd
k_pilfer,d9a6f2d5-69de-4fe1-8d31-ed4075e0e40b
zeke_24,48b5a4f4-dd4c-43af-9298-9fa411235064
magiical,4ec77866-be23-4a52-9de5-b2687c7aadfd
connrock1223,7853fc45-a45c-40ce-b530-94ae4d51c28a
antonio324489,87146046-fbc9-4d4c-af11-f9b48b4e3368
dims_777,6c31b1b3-1336-4665-be1d-4d08fc09827a
akoyu,046509fe-f0f2-4d03-b22a-ec528c1afbec
da_con,c7becedd-c829-4319-81d2-5d4c99bbbbef
matosbrule25,95908ea5-abaa-4742-a312-f47f70efd340
alaskascott,87e9fadd-5c43-41b0-9b5d-edcb9f22aeb5
avenphoenix,f9f20fa2-b2e3-4e8d-9aa6-a3bb19f9847c
ashingtondc,ef01d5b9-8da9-4725-aa07-17a35defc52f
flooffloofberger,39e6bbda-9bcf-490a-9393-9130588a81dc
chocolate_cow,3633f260-a80d-4dae-a79c-b31a6ba64b84
epicrafterhd,e5637573-cada-4822-8de2-0effca04d551
magicminiwheat,bc9f3eb6-1a4a-422e-bbe4-574297014ddb
legacychanger,5688e9bd-76e0-47b2-ab44-a09d5491a44f
jatbreldor,7d13f258-6b09-49f4-9d07-918b6bf3d30d
rastabann,db5b0dcc-c807-4283-b814-1f31f94eedf2
conrad2756,8e615c61-a976-48b4-9116-923476eb14d2
throwableflare,00100456-8345-4e8c-8d15-a48e26fd1965
opdolphinz,02f014b4-a3a7-49b9-9bfa-c5a4263c1a73
x0_mle,e36f9d0e-6976-4463-9d18-5f035d3763f4
piemonkeyman,c424b43a-50ec-423a-a803-152bf9a26eaa
zozzy,a317fd49-129b-4455-8486-76c34964aef9
insearchofstoke,3552d7d6-e95c-45f2-b8cd-aeec84596bf6
aambiguous,6df6e5ae-37a2-49fb-8b36-761f7e540bee
poler10,01b8d495-b7c8-4ff2-83f4-57f61d167b0f
fishydazzled,4fe34514-2ef2-4781-86d8-a70bf06aec61
jwhm,5df765fd-deb1-4b89-b436-85408cc91760
uwu_ouo_uou_owo,e327aceb-b393-4082-9def-654a59057e08
prettyboycoop,79b89ca0-ab17-47c1-b833-a829dbc08484
reverendbonobo,835e4b6f-c53e-4913-8e74-a921edc29657
chief_lahey,8e91146d-39d0-4f75-81f4-075c567e8d0c
fcriot,3faa9a24-f213-415d-a04a-fa1584056316
humanbeing,b3278149-3782-4c37-b5cd-420bdda5850a
psyphi_,03bc1b82-49fc-40c2-b478-d7c4019e2934
unstable_sarcasm,2901779b-0f84-4d59-a43c-6cf428f1dd8d
andrewdolan,4ab9b267-2ece-48e1-97dd-efcb87056d3c
hollygolightly13,1cf578d3-f129-442c-8ad6-75efcb84148c
esonc,c35f8419-a538-48c3-a841-4b54f3f1a879
yurtt,fc3d79b8-dfa0-4193-8152-7039f9f1838f
saneplantperson,dbc76dc8-d8cc-46bc-a1c4-448d8bd1338f
goldenaviator,f0252f33-1755-4b91-973c-e57ba2e88791
qlareau,5fc702e4-56c4-4d1d-b192-528ec89d1521
quesadillllaaa,f8ac886a-a81a-412c-9550-61bed4058c8d
thewizardlyduck,bc8e1ab7-9d1a-45b9-ab6a-b82930bf931b
xensions,37972771-f90e-4996-9f39-980ca57be7f4
boymongnz,282d645f-9ead-4de9-a6b4-c5f12c43f215
lolpants,7af24e5c-2ae0-4f17-b54a-a0bb9b7e1599
voskrod,d4c2ef1a-169c-4e68-9f23-5f20e9af35d3
kildani,11d11f25-623a-4169-8910-e5cc80c5f1c4
opacitys,ffdad9db-a5c6-480a-8ffe-c601156e6027
thatelectriczoo,5f2a870a-3776-44e5-bdc8-2e0f41eb8924
ajfancypants,618531ec-2388-4dad-ad4d-f73217cd9e5f
_newgate_,03959b11-f38b-4eb3-82d2-ae81a0725734
scarthy91,0afdc23a-3331-4b87-98d6-3e3234c9102d
exoticroee,0d7ceb3f-e9eb-407e-934f-dc409b504300
meexa,e322f012-cb2f-4d01-8607-d57f20471eb7
azianoshawott,ac96e925-1a02-4a1c-b93b-17e10b6e59b0
eminemily13,c6a5aad9-d0ca-45eb-ab61-1aa7ea7bff58
link_naruto_,b7b76929-c429-4be3-b3bb-270069c33e48
codboyadvance,c0eb63e9-9759-4968-90c7-c65b8f0a7227
daedaluszero,819d2759-2c84-4b27-ae67-6e72ebca3de3
jeakish98,7a670a9f-3233-470d-8f53-2230a31d2563
flamedraco,3befb217-663e-4035-a6ce-3cfdc7dd24f5
luigi64128,c1233bfc-fa6d-47d0-b953-8e0e1252554e
kadthebandit,6119cd23-ab3b-4ece-a4c1-c55e39a7ffec
kjbawesome,7ac2faac-d6b9-462f-b441-4442b32b7827
racduca,217bdf34-1c67-41c2-a8ae-4b2a952c7226
heehee_hoohoo,997e6037-e1c2-4c86-8431-6367721ce810
avonguard,0b16d8bf-709c-42e9-a2b1-6538dec21cc2
angelusity,10d1f3b3-6c37-4ef3-af56-27cfb112a49c
pmp999,27432939-a86d-4bf3-a516-76913f1d27e6
rawalker666,79e918c0-4cfc-4ab0-b43e-0f4f2b50efb9
limey68,55b1621a-8455-4661-b080-482284a29bb8
diapersrus,194cf60d-4bff-4899-8e89-a1ca38e53d33
nickip00,b1877074-357c-41e0-b855-3a678ac9fde8
coolbot100x,752c0273-d68b-41f0-988d-73f96225580a
eraygo,66ba1f6c-ad44-4d18-b2b8-df408ae78ee1
nocturnelle,34881d46-ff2d-414b-839d-cc1d54305e01
imspecialneeds,ae68fd8d-fd4a-4833-ad82-2ee70cda5298
knottheory,8dfa2b03-54d0-4690-9f6d-828af9340755
alled,2e043f0d-6af2-4eee-8b61-e9fd71c2256a
_starry_sky_,afb38216-b736-4270-811b-144fdbafaa42
southernglory,aec19a52-0e08-49ec-8355-48592c346994
reerfish,70fc0e87-e896-46a3-a4ab-0dbf3192a114
andrew_sene,8fdc7be6-c3ba-4be7-a0dd-1011893bce24
eeveeghost,ccf94641-19e1-48a9-a097-c59f18417919
goldonlocks,a00bdf62-9992-4530-b3a8-c015c5b943f1
dasher69,3bcf40f1-ac2a-427e-aaaf-1e761f87e851
thedomin9r,61740e45-16f2-4e7e-a480-667724fb8eb3
swiftlyswift,5daac369-4757-4747-b3b3-5671467815f0
theifpower3,1800a6f0-ed6d-4949-8e77-4ed5ce8e1b96
chefroadkill853,a62de27a-646d-43bd-a3c2-5ebdf970741d
emocatgirl123,3e4a4e38-8d05-4076-b351-4776fecd5159
fosterpaper,4e2569db-b4e7-407d-ac7b-124edf99bcab
snickersthepony,dd3f4b6a-adb3-4fc1-85ca-37ac5eb3178a
spinforever,6a08d886-5a17-4d18-a921-791cc961f2d1
7942ok,c27b9e4d-7042-43a8-8b19-1bc071ece2aa
chessb0y,68d51353-42bd-44b3-8604-0648d4a4252b
thewolf465,23b6135e-6939-4f57-9aa3-aee5ede65890
kps,0411efba-967f-49fa-951f-0f0bdb646441
snootz33,d94800d6-f4af-419f-8b90-92e5dcbb7831
ronnoypi,e721a294-3bd7-44d8-85f2-d8afbc667cff
unclebb2003,9b0a302a-617d-4a56-a025-11db55c192cb
thewaffler10,55931d7b-b1bb-4ec8-a3ba-d2c5cc32984d
chrisp96,e2a66c44-5f78-4ce7-b3c2-fcd11be38f0e
bluecrush03,0ff84a6b-fd8e-4308-b66b-96d34344152a
ursistersnewbf,9553c64b-06ed-40e9-a6b0-8c547d24fffc
vamparch,33aa3794-a5aa-4412-9fc0-baaa84b496fe
honorasparkle,e4ef2204-a45c-41fa-9441-b0a4421264b1
i_am_g,e6861d1b-3a44-4e4d-bf5a-12f57c80774d
jemmatbaum,fe011891-ff53-4b5d-b07f-c269a51ee1f6
brauneva,f8d6cd2c-1a89-424b-874e-892efb51d77d
dalvik02,92b2cb39-e026-4842-9b1f-f60acdba9b61
oh_hellotherr,575f510a-c45c-4a5d-b46f-54b6913f77cf
saoxyd,37292541-2eb5-4536-acbe-614dbf2bf190
jjwd9,3edbf54d-782a-43ec-820c-0640b5117a36
ilovepuppies18,f37f1199-1bbb-4a05-b3f9-41299276e380
nedcooper1,2dd62798-ec88-463b-af26-dff6c2f056d9
wakeboard98,f367f35c-c580-4d78-ad47-2b33ffa5c429
kootenay4,8afb9184-95f5-4528-bc28-a5ac306091f5
ryomanagare,2ab5f170-4944-4d83-9623-7c6226da087c
abigmeech,3c0c425f-b137-42a4-a3a2-a78486a65eac
chris1234w,098c095e-72cf-4851-8c94-c7c8bc76358f
gray7,9e167767-386c-4c6c-91c7-a895c6b2a80f
lalawn,78cfcdbb-0b78-465e-9107-c4567eba9532
swimmer443,1eeda1e3-30ec-47c5-9042-7294d39a64b8
spd_probono,c1b5822e-3987-4057-be47-e162704744e4
m0m0ney,51e73c03-2afd-474c-a58f-2b817ae3a219
urntamed,85e933b0-62a5-47e1-8110-3e94a8973125
grizzlyboy1,7cd6875d-09f9-4627-9a89-0720896601a9
_ya_boi_,8eede0a3-f89e-4d30-8f90-a1d7c0e077db
pianosensation13,e7f22534-5fab-4862-8d51-8ce65c52c5fb
cookiecat1020,b2922e73-38d4-46ec-8b0e-bd15bb950b09
doodledude99,53c1f03e-bc00-4a6a-94d8-516ef727ebb8
gracie_charlee,c9783b61-16de-447e-9304-d3559ac27030
sweezenator,1b5589b2-73a4-4f7e-ab57-7cc4083c1e51
anmec,669c6c76-6644-4175-879a-05fdf58f664c
dirtyjobba,08faaf08-0dcf-478a-a368-9e62de08b086
_caramel,284342e7-12b4-41a7-9a85-2b83335588f8
oldmoss,e1d545fd-d0fb-464e-bb80-c1ab7176788c
stuf227,742deb1f-5d2c-49a6-812e-f8f541c517a7
classycustom,94947276-2410-4d11-a653-f4f51272bbe2
wolf_cb,01e52cf4-55ee-4474-8e24-f71f3a2ea60c
